name,email,phone_number,ddd
Wendy Mendoza,moorekathryn@example.org,+1-989-687-3211x82238,+1
Wendy Mendo,moorekathryn@example.org,+1-989-687-3211x82238,+1
Wendy Mendoza,moorekaryn@example.org,+1-989-687-3211x82238,+1
Shannon Diaz,foxjulia@example.net,880-325-0637x55786,88
Lisa Miranda,rachel44@example.com,(939)331-8864x4862,(9
Ricky Johnson,kennethanderson@example.com,314-727-4775x24308,31
Sonya Thomas DDS,brooksjessica@example.org,564-213-3950x7417,56
Heather Serrano DDS,johnanderson@example.net,867-321-8227x9185,86
William Powers,curtis03@example.org,762.765.0139x1560,76
Shannon Dawson,susan26@example.net,895-593-1315x587,89
David Long,joseph55@example.org,439.256.7863x92754,43
Tina Marshall,williamstina@example.net,490.897.0068x6422,49
Angela Brown,teresa21@example.org,001-419-854-7989x7633,00
Virginia Mccoy,fnicholson@example.com,333.521.9898x925,33
Ashley Howard,pday@example.net,001-370-482-1795x6264,00
Patricia Reed,sanchezjohn@example.org,001-343-865-0858,00
Mary Ewing,poliver@example.net,+1-881-955-0185x5770,+1
Christopher Carter,cgonzalez@example.org,(277)744-5408x807,(2
Jake Andrade,gary50@example.com,725.863.9889,72
Nicole Wilson,sandovalandrew@example.com,798.962.7670,79
Natasha Morales,rodriguezmelissa@example.net,+1-722-696-9255x93934,+1
Mary Taylor,timothy73@example.com,654-866-8612,65
Rachael Fleming,hmorrison@example.net,001-471-435-6980x55175,00
Tiffany Williams,sarah26@example.net,+1-693-995-4998x279,+1
Lisa Novak,jessica24@example.net,+1-731-543-6087x80367,+1
Robert Adams,kwalker@example.org,443-378-7763,44
Alexander Campbell,harrisonteresa@example.org,750.338.9028x29873,75
Robert Galloway,ebrown@example.net,001-238-696-5976x080,00
Justin Williams,stevenfoster@example.org,(272)886-6993x6842,(2
Stephanie Holt,christophergreene@example.org,710.305.2378,71
Joy Robinson,natasha65@example.net,472.576.3945,47
James Fields,michael92@example.net,+1-751-802-8111,+1
Tammy Serrano,michael66@example.net,(825)768-6678,(8
Haley Buchanan,melissaelliott@example.com,331.849.7336,33
Daniel Gomez,lgarza@example.org,474-926-1214x059,47
Jennifer Gonzalez,brenda43@example.org,367-555-3928x6202,36
Tyler Harris,alexandriabond@example.net,+1-343-721-5257x13056,+1
Paul Martin,jenniferwoods@example.org,614.405.2812x09754,61
Michael Coffey,james38@example.org,630-350-9206,63
Elizabeth Mays,zwong@example.net,(290)440-4416x380,(2
Benjamin Johnson,palmerisaac@example.net,277-441-7679x5184,27
Philip Williams,dtyler@example.org,(847)739-7397x896,(8
Jesse Matthews,howardregina@example.org,+1-970-624-2066,+1
Zachary Robinson,vanthony@example.net,671.415.0303,67
Mike Mercer,jennifer55@example.org,439-961-4532x240,43
Tammy Braun,whitetraci@example.org,+1-557-529-2638x340,+1
Kristina Bell,martindavid@example.org,831.353.4091,83
Wendy Sosa,hunter19@example.com,(429)243-5020,(4
Donald Chambers,andersonjacob@example.net,840.306.3705,84
Gregory Mueller,pwilliams@example.net,5105273644,51
James West,hchavez@example.net,+1-716-494-2329x5251,+1
Mike Murray,moodyedward@example.org,364-256-0921x0759,36
Tina Johnson,jasonjackson@example.org,273-562-9791x72354,27
Richard Garcia,owalton@example.com,001-214-394-5220x302,00
John Romero,vegakaren@example.com,(723)920-7106,(7
Heather Buck,brendacannon@example.net,(383)303-9313,(3
William Lowe,jstevens@example.net,758.370.9556x42554,75
Nicole Lee,dannyevans@example.org,+1-373-340-9564,+1
Steve Ross,blackandrew@example.net,+1-815-726-3061,+1
Alex Patrick,abbottjoseph@example.net,495.773.7589x958,49
Jennifer Quinn,paul96@example.com,(308)856-0500x41244,(3
Yvonne Smith,tracy25@example.com,3107274074,31
Mia Poole,lisa44@example.com,(232)733-0401x668,(2
Joshua Hanson,beckydavis@example.com,+1-773-639-7508x238,+1
Jennifer Young,brittanyhernandez@example.com,(250)723-4497,(2
Patricia Mcknight,nathanflores@example.net,001-839-395-4012x2724,00
Kevin Green,shenry@example.com,886.227.3063,88
Kyle Woods,jennifer82@example.com,984-238-1303x7178,98
Paul Weaver,lhess@example.org,+1-750-228-0199,+1
Crystal Young,cynthia40@example.org,587.318.5188x56039,58
Jordan Mcdowell,dennis22@example.org,+1-939-337-6026x632,+1
Adam Mendez,fgay@example.org,+1-685-386-7904x5832,+1
Logan Miller,zmack@example.com,(998)326-2124x78570,(9
Derek Moore,holmesmanuel@example.com,237.494.1137,23
Judith Jones,georgejuan@example.com,(627)911-2809x09325,(6
Gregory Frost,anna74@example.net,748-876-3092x5965,74
Anthony Johnson,sandrahess@example.org,2996606829,29
Aaron Simmons,rossjoseph@example.net,001-679-448-1063,00
Peter White,hodgenicole@example.net,373-205-4536,37
Laura Dunlap,blakeashley@example.net,001-384-576-4329,00
Laura Burns,wilsonpatrick@example.com,(561)959-3674x480,(5
Margaret Brooks,ataylor@example.net,+1-914-518-4444x0106,+1
Mark Malone,kalvarez@example.com,+1-951-805-0666,+1
Kevin Brock,tinasantana@example.com,5122351335,51
Ronald Kelly,morrisonalicia@example.com,6226577824,62
Timothy Franklin,hbarnes@example.org,250-977-0299x876,25
Shelby Butler,yangkristy@example.com,+1-759-712-2941,+1
Patricia Williams,velazquezwendy@example.com,346-296-6252x0671,34
Richard Montgomery,michaelmiller@example.org,(767)853-8328x310,(7
Sarah White,pbuckley@example.org,989.412.7860x3487,98
Nicole Mueller MD,andrewwilcox@example.net,336-633-9312x993,33
Larry Long,nathaniel33@example.org,(803)642-3314,(8
Kathryn Combs,lorrainethomas@example.com,(395)287-2324x1318,(3
Charles Jensen MD,kkrause@example.net,001-889-973-3618x6415,00
George Avery,dawnturner@example.net,001-223-331-8009x283,00
Heidi Anderson,hillanna@example.org,919.536.9520x046,91
Brendan Palmer,shannonsarah@example.com,+1-869-806-8386x612,+1
Duane Lamb,jasmin71@example.com,+1-784-437-0764,+1
Christopher Brown,riverajames@example.net,001-262-384-5792,00
Tamara Hicks,acameron@example.net,222-316-8939x254,22
Stephanie Howell,ryanlewis@example.com,001-944-225-2963,00
Linda Simmons,clarkjohn@example.net,+1-858-854-1205,+1
David Morris,jhudson@example.net,488.633.2782x025,48
Douglas Mitchell,lisahart@example.com,244.339.6165x345,24
Lynn Bauer,davidford@example.net,(922)621-2560,(9
Samantha Fuller MD,alexa01@example.org,001-537-484-2667,00
Nicholas Wallace,henrymoran@example.org,+1-416-481-4535x83220,+1
Jason Crawford,spatterson@example.org,001-870-286-6328x21086,00
Taylor Gordon,jkennedy@example.org,379.717.5882,37
Briana Brown,vjones@example.com,987-468-1902x00470,98
Mary Durham,zjackson@example.org,001-965-431-6915,00
Michael Bruce,thomasdaniel@example.org,350.787.6217x56213,35
Michael Bradley,martineznicholas@example.org,298.464.7892,29
Kelly Roth,wangcrystal@example.net,001-396-445-5614x25750,00
John Thomas,richard95@example.org,563.206.7916x76053,56
Nancy Winters,gmckenzie@example.org,(622)501-4087,(6
Robert Hensley,leedenise@example.com,693-385-1782x864,69
Maria Meyer,cbecker@example.net,(802)851-6161x055,(8
Charles Wells,xharris@example.com,225-891-0588x351,22
Earl Williams,michaelrichardson@example.org,9525965949,95
Gregory Newman,xwest@example.net,+1-408-335-7174x9328,+1
Dylan Wheeler,smitherin@example.com,+1-207-895-8482x25675,+1
Jessica Mendez,norma61@example.org,262-899-2207x0083,26
Kristin Hamilton,freemandawn@example.org,841.657.2789x694,84
Randy Baker,deborah82@example.net,+1-885-212-4801,+1
Michael Wright,joshua11@example.net,569-308-4555x7204,56
Sean Schultz,jeffrey80@example.org,917.801.0996x565,91
Emily Herrera,hknight@example.org,001-817-931-1562x4823,00
Alexandra Williamson,pwilliams@example.com,422-872-6687,42
Tina Flowers,david86@example.org,+1-338-987-8374x829,+1
Judith Russell,kimberly47@example.org,386-399-9549,38
Brandon Gutierrez,daniel49@example.com,(744)980-9768x0462,(7
Billy Ross,mary80@example.net,(836)676-1874,(8
Caitlyn Crawford,sarahmartinez@example.com,+1-844-697-1494x12615,+1
Richard Collins,jameswilson@example.net,(579)929-7503,(5
Angela Walker,prestontina@example.net,551-712-3803x1939,55
Jerry Sanders,schultzcesar@example.com,775-367-3468x612,77
Jacqueline Day,vprice@example.net,583-284-9137,58
Francisco Williams,tina21@example.com,430.450.5788x000,43
Allison Craig,ricardo57@example.org,001-538-284-9612x911,00
Steven Herrera,ericbarker@example.com,719.679.2698x2212,71
Yvette Blanchard,qleonard@example.net,001-267-545-4812x2750,00
Kara Owens PhD,katherinefarmer@example.net,(971)300-4447,(9
Jennifer Hernandez MD,cwilson@example.net,001-508-221-3149x8092,00
Hannah Scott,msullivan@example.net,+1-440-960-2248x234,+1
Jeffery Williams,nwalker@example.org,476-926-9386x3887,47
Kathryn Cooley,uholt@example.org,3802251292,38
Shelby Holder,daniellecampbell@example.com,(512)279-4260x8639,(5
Kayla Serrano,gkelly@example.net,(205)754-7369x9242,(2
Jeffrey Cruz,melaniemaxwell@example.net,(286)912-3498,(2
Katherine Herman,jamesaguilar@example.net,(628)981-1653x37447,(6
Ms. Marcia Kemp,jeremyphillips@example.net,001-563-939-6727x97120,00
Andrew Schwartz,davidphillips@example.com,001-624-433-0429,00
John Soto,bethlloyd@example.org,238.348.5365,23
Jennifer Murphy,cynthia08@example.net,+1-245-202-5506x3832,+1
Jenny Williams,floresleslie@example.org,001-891-376-7070x35217,00
Justin Phillips,jacob75@example.com,+1-320-208-2839x3619,+1
Trevor Phillips,bjenkins@example.net,001-770-301-5170,00
Krystal Torres,gdixon@example.org,+1-613-293-4301x0342,+1
Mary Warner,williechen@example.net,763-593-2122x52054,76
Robert Rivas,burnstristan@example.org,+1-704-936-6906x439,+1
Nicholas Davis,norma86@example.org,299-674-2111x02561,29
Michelle Walker,justinolson@example.net,(686)484-0847x92409,(6
Jacqueline Carroll,mccannjustin@example.org,(364)948-5918x59015,(3
Maria Chavez,thomas19@example.net,001-315-864-0139,00
Jamie Martinez,bradshawnicholas@example.com,319-928-7234x65111,31
Vanessa Pruitt,michael52@example.com,+1-596-621-5503x27553,+1
Amanda Nelson,anthony49@example.org,422-636-8622,42
Ellen Harper,christopherguzman@example.org,001-278-238-7403,00
Grant Wolfe,cbartlett@example.net,+1-467-721-6880,+1
Craig Townsend,hamiltonjennifer@example.net,+1-405-313-1708x582,+1
Jared Hernandez,heathercarter@example.org,001-421-873-8281x050,00
Alex Anderson,youngjacob@example.net,+1-888-554-1490x105,+1
Daniel Smith,andrewewing@example.org,(672)211-5602x215,(6
Christopher Goodman,jenniferwallace@example.org,+1-602-361-7778x7431,+1
Emily Johnson,zmccarty@example.net,2102633057,21
Mr. Eric Hall,james11@example.com,321-281-1155x934,32
Tiffany Murray,danmorales@example.org,(897)977-2781x1511,(8
Patrick Green,nicholas27@example.org,001-316-335-1773x726,00
Shawn Watson,leeapril@example.net,(268)283-9502,(2
Matthew Harper,raymond27@example.net,(390)356-8143x517,(3
Wesley Jackson,amy01@example.org,001-276-340-3330x333,00
Patricia Morse,uparrish@example.org,303.760.5390,30
Ashley Hernandez,adamssheena@example.org,677-779-4072x247,67
Kenneth Lewis,martinjeremy@example.org,866.350.2337x077,86
Alyssa Murphy,pamelawright@example.com,(932)586-5260,(9
Chad Johnson DDS,carolbishop@example.net,604-772-0172x569,60
Lance Lee,alexandramckinney@example.org,668.966.1569x42358,66
Sandra Freeman,carolinegray@example.com,5219235841,52
Pamela Collins,zgreen@example.org,763-384-0987,76
Christine Kim,twilliams@example.com,+1-992-853-9352,+1
Michael Smith,umoore@example.org,660-328-2748x10081,66
Meredith Rodriguez,cshepherd@example.net,(615)334-4973,(6
Sarah Sparks,smithgabriella@example.org,390.942.9253,39
Vanessa Luna,nvalenzuela@example.com,001-888-347-0225x185,00
Miguel Harmon,floressamuel@example.com,214.450.5411,21
Cynthia Bates,qjohnson@example.com,793-235-3640,79
Aaron Hill,ilee@example.net,371-782-5187x98679,37
Paul Mccarthy,csmith@example.org,(611)853-0720,(6
Shannon Abbott,ahowe@example.org,840.717.6289x3588,84
Rebecca Powers,rodriguezmichael@example.org,(517)966-4098x9388,(5
Amanda Horton,vjones@example.net,(306)488-5007,(3
Paul Thompson,vincentshelton@example.com,+1-443-666-0165,+1
Michael Lee,freemanashley@example.com,001-547-872-9854x0537,00
Nicole Donaldson,zbradley@example.net,2504158338,25
Andrew Williamson,barnettmakayla@example.net,576-676-1568,57
Bethany Holland,curtis92@example.com,706.579.0743x535,70
William Smith,clementsshelby@example.net,(464)368-9510x5788,(4
Adam Foster,bchavez@example.org,001-929-535-4397x209,00
Jo Brown,wilsonmariah@example.net,(488)414-5179x5126,(4
Sarah Montgomery,corteztimothy@example.org,7436336254,74
William Duncan,lisa80@example.net,+1-976-806-3498,+1
Micheal Mcbride,michelleshaw@example.org,527.921.9476,52
Tiffany Clayton,robert05@example.org,858.669.9601,85
Patrick Yates,kochdeborah@example.net,981.662.4507x469,98
Franklin Davis,justingriffith@example.org,278-810-9522x51263,27
Martin Cooley,kristen37@example.net,483.519.7396x174,48
Eugene Harris,vperry@example.org,702.444.3314,70
Michelle Holland,coxraymond@example.com,(438)292-8452x585,(4
Tyler Davis,trevor12@example.org,001-211-381-8947x649,00
Jocelyn Bauer,penningtonjames@example.com,3156253354,31
Daniel Hernandez,ortizmatthew@example.net,643-274-2274x8139,64
Andrea Jenkins,stokesstephen@example.net,3358363124,33
Michael Lewis DDS,prestonanthony@example.net,499.296.0828x260,49
Melinda Goodman,arthurrogers@example.org,+1-841-284-9794,+1
Amanda White,joshua49@example.com,(499)435-0226x9963,(4
Shawn Fuller,dsmith@example.com,346.727.4230,34
Christopher Wood,gonzalesnorma@example.com,001-878-451-8950,00
Jessica Aguilar,blake06@example.net,(868)681-9099x750,(8
Beth Adams,jessica18@example.net,616-761-4528,61
Sara Vaughan,vgates@example.net,(839)941-3653,(8
Brent Rodriguez,zschmidt@example.org,(817)824-9372x483,(8
Kaitlyn Cohen,lisa04@example.net,(796)990-9898x19028,(7
William Hatfield,rbond@example.net,+1-803-288-4031x710,+1
Susan Brown,dustinmoore@example.org,910.848.6645x0105,91
Tonya Alexander,tiffanybennett@example.net,941-936-7151x43475,94
Connor Kim,dware@example.net,001-967-507-7177,00
Autumn Price,mirandasmith@example.net,+1-223-582-0457x920,+1
Cristina Cortez,fernandezdrew@example.org,414.953.0633x383,41
Jessica Carroll,ronaldwinters@example.org,390-266-8210x389,39
Bryan Ibarra,jenniferneal@example.org,7763190991,77
Tyler Neal,chernandez@example.net,+1-619-498-5752x61426,+1
Maria Sherman,harrismartha@example.org,994.844.6286x712,99
Mark Huff,scottbooker@example.org,961.700.2572x099,96
Ethan Gomez,ashleykelley@example.com,2193327540,21
Christine Miller,vincentjenny@example.net,334.447.3500x95690,33
Alison Mcdaniel,marthamoore@example.com,(933)303-7199x8449,(9
Tiffany Noble,daniel19@example.net,858-546-6791x3239,85
Teresa Long,robertodavis@example.net,+1-210-848-6289,+1
Michael Johnson,richardcarter@example.org,529-604-8391x1729,52
Louis Reed,natashahanna@example.org,312-619-1318,31
Steven Davis,johnsonsteve@example.com,646-722-3465,64
Alan Bell,patrickkelly@example.org,354-710-2735x55879,35
Jason Brewer,gilesjill@example.org,(305)285-7171x690,(3
Melissa Edwards,harrisaaron@example.com,(643)302-4851x272,(6
Leslie Graham,ugarcia@example.com,7428879700,74
Susan Johnson,ariaspeggy@example.com,690.902.1281x3873,69
Antonio Henderson,cgriffin@example.org,(646)961-7492,(6
Stephanie Walker,browe@example.net,001-654-327-0694x9582,00
John Hoffman,emily94@example.com,929-871-6770x801,92
Sarah Hernandez,xbean@example.net,937-748-4946x2976,93
Tina Lopez,briannadrake@example.net,+1-948-642-7755x84894,+1
Justin Smith,ywillis@example.net,+1-342-298-3725x5839,+1
Rebecca Martinez,rodriguezrobert@example.net,9833683028,98
David Summers,shannon84@example.org,782.312.0118x9882,78
Cody Jones,heatherhuff@example.com,542.662.8198x51860,54
Alexander Walker,perrykirk@example.com,(628)838-0905,(6
Dwayne Thomas,howardjordan@example.org,399.838.2011,39
Maria Young,bpeterson@example.org,+1-301-759-4221x26466,+1
Melissa Baker,williamdavis@example.net,566.235.8486x20009,56
Susan Williams,rivaspamela@example.org,2378448209,23
Meredith Reyes,elizabeth20@example.com,(685)201-3143,(6
Joseph Chambers,michaelwallace@example.net,+1-835-952-5903x9807,+1
Timothy Taylor,hilldeanna@example.net,279-291-0230x1813,27
Natasha Christian,hayley63@example.net,001-890-351-9730,00
Gina Sanchez,evansandrew@example.net,571-268-1005,57
Diana Edwards,david75@example.net,001-902-836-7409,00
Gina Burgess,pamela33@example.org,(451)788-7570x151,(4
Kristie Pineda,victoriabuckley@example.net,817.771.7810x01297,81
Brenda Pittman,kristina23@example.com,899-311-8171,89
Krista Stephens,wonggrace@example.org,001-625-205-0657x749,00
Marie Nelson,janderson@example.com,+1-649-958-7240x303,+1
Anthony Sharp,zbeck@example.com,(272)678-6175x52618,(2
Alexander Morgan,frankbrown@example.net,707-455-4845,70
James Smith,melissamorrison@example.org,491.405.7725,49
Mr. Edward Cox,qbryant@example.org,(430)353-5795,(4
Donald Burns,pamela38@example.org,6662640088,66
Jacob Robertson,mkline@example.org,(229)877-6417,(2
Dr. Kristi Moreno,dgomez@example.net,782.971.2490x2026,78
Courtney Thomas,joshuamitchell@example.com,001-324-903-1349x0094,00
Theresa Frey,heather85@example.net,(374)677-1313x7855,(3
Christopher Ruiz,williamnash@example.com,001-351-963-9538x2400,00
Eddie Stein,tonya44@example.org,(279)364-1728,(2
Kristin Hodge,bryan22@example.org,619.994.1931,61
Patricia Adams,danielmoore@example.net,+1-539-773-2156x0935,+1
Ms. Maria Mccarty MD,jefferywoods@example.org,+1-674-463-4367x40940,+1
Joseph Arnold,jacksonsteven@example.com,+1-763-202-8471x6988,+1
Dylan Johnson,brockzachary@example.org,699-875-7534,69
Brian Harrell,williamsmartin@example.net,2082077747,20
Sarah Martinez,hlynch@example.net,001-649-785-1376,00
Barbara Brown,zacharyhoward@example.net,001-788-401-2281,00
Sara Davis,austinglass@example.org,5658327318,56
Michael Baker,millerjohn@example.org,+1-555-637-1991,+1
Scott Schwartz,kristenrobertson@example.org,744-308-8962x295,74
Tiffany Johnson,alicehall@example.org,2219122788,22
Johnny Burns,coxmichael@example.com,662.248.8789x40831,66
Amanda Ward,karenschaefer@example.com,555.320.4624x9004,55
Jennifer Malone,meltonelizabeth@example.com,561-526-6841,56
Kyle Chung,clairearnold@example.org,001-694-949-0617x6293,00
Katelyn Velasquez,amandaarnold@example.net,(367)844-2811,(3
Robin Smith,taylormichelle@example.net,762.341.4972x918,76
Michael Davis,wmosley@example.org,847.367.9424,84
Joseph Keller,amy78@example.com,241-203-9153x025,24
Samuel Martinez,ufrank@example.com,001-288-778-6713x005,00
Leah Patterson,kristenflores@example.net,001-617-413-1064x548,00
Barbara Murphy,darius89@example.org,+1-256-996-9567x86528,+1
Tracy Hahn,amber48@example.org,001-671-608-5215,00
David Cook,thompsonwanda@example.com,001-506-471-6586x55309,00
Catherine Johnson,alexis70@example.com,866.533.0736,86
Andrew Copeland,zhumphrey@example.net,001-203-880-8660x80329,00
Brady Baldwin,mbrooks@example.com,788.883.3412,78
Kenneth Terrell,mcdonaldrachel@example.com,(500)296-8226,(5
David Walker,omartinez@example.net,+1-460-674-2189x7257,+1
Jill Taylor,ryan00@example.com,001-927-502-0583,00
Taylor Jones,cmatthews@example.org,001-963-371-6920x270,00
Mark Ward,walshmary@example.net,+1-273-260-8649x409,+1
Kelly Davis,raymond88@example.org,+1-882-805-2281,+1
Amanda Kline,fevans@example.com,001-389-918-5829x58163,00
Joshua Ramirez,fowen@example.com,001-452-632-4480x78796,00
Jennifer Hall,robinsonmariah@example.net,001-342-484-4203x0572,00
William Chapman,ldaugherty@example.com,001-561-484-9190x754,00
Mr. Justin Collins,nblair@example.com,+1-927-832-3045x805,+1
Brooke Gonzalez,brownapril@example.org,001-308-519-2851x212,00
William Cooper,tim18@example.com,808.938.6020x26206,80
Rachel Smith,eric93@example.net,+1-926-862-8514x1310,+1
William Stevens,joshuarussell@example.net,001-969-666-5646x63596,00
Susan Jensen,ortegajeffery@example.org,001-495-778-9009,00
Joe Peterson,mooreheidi@example.net,314-433-7264,31
Angela Wright,vsmith@example.org,318.537.8382,31
Tina Merritt,eholmes@example.org,(986)377-8434,(9
Adam Garcia,terry25@example.net,+1-390-757-5880x7145,+1
Carolyn Griffin,annahernandez@example.org,(804)298-5984x940,(8
Jay Jimenez,alexis80@example.org,264-666-3236x5767,26
Kim Patrick,iellis@example.org,001-681-988-2967x6297,00
Jasmine Burke,hbryan@example.com,(909)367-8966x59464,(9
Christina Moore,vwilson@example.org,+1-954-306-1236x34862,+1
Ian Navarro,janthony@example.net,(554)930-0394,(5
Tina Kelley,jasonreid@example.net,957.367.5632,95
Michael Caldwell,lcurtis@example.net,(275)707-8738,(2
Jeffrey Lopez,forbesdavid@example.com,328-830-4666x020,32
Anthony Ellis,jameswilliams@example.net,+1-989-319-2106x6455,+1
Tanya Holden,ibryan@example.com,603-694-8483,60
Patricia Wiggins,deborah00@example.org,817-420-3560x742,81
Cynthia Dyer,snyderelizabeth@example.net,415-285-4419x00123,41
James Reed,qgarcia@example.com,+1-860-855-9602x24714,+1
Heather Harris,beardaimee@example.net,813-206-7563,81
Angela Sharp,diamondglenn@example.net,6597166962,65
Ricky Hunt,pmoore@example.net,951.501.1272x60821,95
Charles Sparks,lunawilliam@example.com,+1-207-996-2739,+1
Adam Hart,brittneyhill@example.org,958-694-2235x3419,95
Robert Allison,vsmith@example.com,302.408.9079,30
Marvin Holt,vbaxter@example.net,680-657-8360,68
Olivia Chang,jwilson@example.net,375.811.0657x2410,37
Gabrielle Gregory,walkermatthew@example.com,+1-635-893-5131x245,+1
Lisa Rose,christine91@example.com,542-480-1040x29660,54
Susan Simpson,devinlawson@example.com,+1-724-800-0337x207,+1
Cynthia Cross,matthew64@example.net,(504)754-4597x6485,(5
Tony Flores,michelledaniel@example.org,(885)537-8442x8957,(8
Jesse Hill,sawyermatthew@example.net,001-874-963-4757x752,00
Michael Norris,lsmith@example.net,433-427-1502,43
Devin Brown,thomas40@example.org,001-362-670-9093x7072,00
Mr. Johnny Brown,hallthomas@example.com,001-741-787-8405x27170,00
Daniel Hurley,shahsarah@example.org,286.756.1217x712,28
Jake Myers,angelarogers@example.com,747-724-2422x02059,74
Joseph Williams,michaelhart@example.net,839.864.6850x2169,83
Jennifer Benson,samuel36@example.com,+1-526-949-9543x513,+1
Scott Collier,nicole24@example.com,578-776-2886x1722,57
Christine Gregory,kristencobb@example.org,960.335.6723x3439,96
Craig Rivera,mark43@example.com,+1-967-783-1234x56899,+1
Jason Dodson,jessicasweeney@example.net,+1-338-364-8796x34986,+1
Eric Young,diane71@example.com,+1-885-840-3577x0269,+1
Amanda Beltran,walkersharon@example.com,+1-529-303-1403x367,+1
Rachel Weber,laurie89@example.net,573.781.1657x50176,57
Jon Wilson,william63@example.com,943-950-7124,94
Taylor Briggs,smithmaureen@example.com,(529)438-2457x54591,(5
Rodney Dunn,coxcarrie@example.net,358-213-8157x268,35
Darren Curtis,arnolddavid@example.com,+1-709-958-7377x9367,+1
Justin Moore,walkeranthony@example.net,(996)885-1209x6934,(9
David Hanson,vfritz@example.net,707.927.6521x125,70
Michael Knox,jake73@example.net,(720)328-9158x3759,(7
Ryan Martinez,david68@example.org,+1-841-899-1938x732,+1
Andrea Tran,wrightchad@example.com,001-677-440-9118,00
David White,lauraray@example.com,+1-920-876-0744x161,+1
Adam Valdez,ricejared@example.org,+1-849-216-4155x478,+1